station_id;station_name;station_latitud;station_longitud
71801;Barcelona-Sants;41,37922;2,140624
61307;Cartagena;37,604967;-0,975122
61304;Torre-Pacheco;37,746905;-0,967078
61303;Balsicas-Mar Menor;37,81884;-0,950891
61200;Murcia;37,97465;-1,1299555
62002;Orihuela-Miguel Hernandez;38,0779194;-0,94445
62103;Elche Parque/elx Parc;38,2717784;-0,6952109
60911;Alicante/alacant;38,34445;-0,4950527
60905;Elda-Petrer;38,484879;-0,80109
60902;Villena;38,631738;-0,867689
64100;Xativa;38,9920972;-0,5244888
65000;Valencia-Estacio del Nord;39,4669346;-0,3771842
65300;Castello;39,9882552;-0,0524126
65318;Benicassim;40,0579451;0,0577646
65311;Benicarlo-Penyiscola;40,427639;0,415217
65312;Vinaros;40,471682;0,455727
65402;Laldea-Amposta-Tortosa;40,753542;0,614314
65422;CAMBRILS;41,081648;1,046055
71500;Tarragona;41,111624;1,253214
17000;Madrid-Chamartin;40,4720993;-3,6824687
37606;Badajoz;38,890696;-6,981753
37603;Montijo;38,913539;-6,598577
37500;Merida;38,921503;-6,343794
35400;Caceres;39,461131;-6,385679
30000;Monfrague;39,937464;-6,10091
35206;Navalmoral de La Mata;39,894913;-5,545607
35203;Oropesa de Toledo;39,921746;-5,186137
35200;Talavera de La Reina;39,970674;-4,826512
35105;Torrijos;39,979003;-4,283037
18000;Madrid - Atocha Cercanias;40,4061556;-3,6889579
35001;Leganes;40,3286349;-3,7711552
56312;Almeria;36,834951;-2,455519
56200;Guadix;37,316873;-3,127209
56009;Cabra del Santo Cristo Y Alicun;37,6567129;-3,262623
56004;Jodar-Ubeda;37,913343;-3,34892
50300;Linares-Baeza;38,068864;-3,589396
60400;Alcazar de San Juan;39,395628;-3,205744
56100;Moreda;37,431216;-3,310516
56301;Finyana;37,184647;-2,839757
56308;Gador;36,951624;-2,487658
11200;Miranda de Ebro;42,691024;-2,940366
13200;Bilbao-Abando Indalecio Prieto;43,259609;-2,92915
13106;Llodio;43,142721;-2,959916
11511;San Sebastian/donostia;43,317669;-1,976704
11208;Vitoria/gasteiz;42,841517;-2,672601
11300;Altsasu/alsasua-Estacion;42,894847;-2,181237
11400;Zumarraga;43,088273;-2,318462
4104;Camp Tarragona;41,192066;1,272666
78400;Lleida;41,620696;0,632669
4040;Zaragoza-Delicias;41,658649;-0,911615
81202;Tudela de Navarra;42,059434;-1,597931
81200;Castejon de Ebro;42,172719;-1,692114
81108;Calahorra;42,310458;-1,957755
81100;Logronyo;42,457459;-2,442193
81002;Haro;42,583635;-2,849396
80100;Pamplona/irunya;42,824877;-1,661419
80108;Tafalla;42,525756;-1,671467
20309;Lugo;43,015222;-7,552176
22100;Ourense;42,350389;-7,872777
20300;Monforte de Lemos;42,529682;-7,503589
20305;Sarria;42,784049;-7,418822
60000;Madrid-Puerta de Atocha;40,406442;-3,690886
4007;Guadalajara - Yebes;40,587315;-3,124301
70600;Calatayud;41,346692;-1,63868
22308;Vigo Guixar;42,239503;-8,711817
11014;Burgos-Rosa de Lima;42,371197;-3,666308
14100;Palencia;42,015711;-4,534135
15009;Sahagun;42,369329;-5,022667
15100;Leon;42,596048;-5,582428
20100;Astorga;42,459489;-6,047212
20111;Bembibre;42,609558;-6,422048
20200;Ponferrada;42,545429;-6,602376
20211;O Barco de Valdeorras;42,418301;-6,98503
20213;A Rua-Petin;42,39276;-7,113284
20216;San Clodio-Quiroga;42,465271;-7,287198
22300;Redondela;42,286005;-8,619402
22200;Guillarei;42,065663;-8,62253
22201;O Porrinyo;42,16419;-8,62202
31412;A Corunya;43,352761;-8,409755
31400;Santiago de Compostela;42,870842;-8,544697
30100;Salamanca;40,972235;-5,64899
10600;Valladolid;41,642167;-4,726986
10500;Medina del Campo;41,317617;-4,909923
51405;Cadiz;36,5290083;-6,2882055
60600;Albacete-Los Llanos;38,999384;-1,84845
60500;Villarrobledo;39,260868;-2,598621
60406;Socuellamos;39,278776;-2,775571
50100;Manzanares;39,005837;-3,370507
50102;Valdepenyas;38,762868;-3,39572
50207;Vilches;38,215742;-3,517576
50400;Espeluy;38,010247;-3,832726
50403;Andujar;38,028225;-4,066036
50500;Cordoba;37,888291;-4,789453
51003;Sevilla-Santa Justa;37,3921277;-5,9752694
51300;Jerez de La Frontera;36,680029;-6,1264716
51400;Puerto de Santa Maria;36,6037962;-6,2171641
51406;San Fernando-Bahia Sur;36,4680361;-6,2067638
81109;Rincon de Soto;42,230011;-1,847473
81110;Alfaro;42,186525;-1,747985
3216;Valencia Joaquin Sorolla;39,459051;-0,382923
4307;Figueres Vilafant;42,264771;2,943547
79300;Girona;41,979303;2,817006
65200;Sagunt/sagunto;39,6756611;-0,2715972
65304;Orpesa;40,092258;0,139861
54413;Malaga Maria Zambrano;36,7113388;-4,4313888
37300;Puertollano;38,69128;-4,111655
37200;Ciudad Real;38,9853;-3,913633
2003;Antequera-Santa Ana;37,069881;-4,719014
2002;Puente Genil-Herrera;37,3579;-4,821638
37704;Villanueva de Cordoba-Los Pedroches;38,2554049;-4,570952
5000;Granada;37,184038;-3,609154
5012;Loja;37,175372;-4,134841
43019;Huelva;37,253079;-6,950971
43011;La Palma del Condado;37,390665;-6,554444
74200;Huesca;42,133594;-0,409745
78200;Tardienta;41,975716;-0,538223
30200;Zamora;41,515892;-5,739675
11500;Tolosa;43,131936;-2,085247
21010;Ferrol;43,4880349;-8,231143
8004;Segovia Av;40,910577;-4,094564
8240;Medina del Campo Alta Velocidad;41,317459;-4,910071
8247;PUEBLA DE SANABRIA LLEGADA;42,045763;-6,626848
8251;A GUDIÑA-PORTA DE GALICIA;42,0606439;-7,132532
20400;Betanzos-Infesta;43,270698;-8,225847
21001;Betanzos-Cidade;43,284137;-8,215874
21004;Pontedeume;43,411797;-8,180416
15410;Gijon;43,535175;-5,698318
15211;Oviedo;43,366841;-5,854263
14223;Santander;43,458575;-3,811223
3309;Villena Av;38,585302;-0,873295
3208;Cuenca Fernando Zobel;40,035192;-2,14441
14114;Aguilar de Campoo;42,785362;-4,233899
14202;Reinosa;42,995158;-4,139917
14213;Torrelavega;43,33974;-4,02896
11600;Irun;43,339582;-1,800192
15203;Mieres-Puente;43,250027;-5,78028
15122;Pola de Lena;43,158942;-5,831075
3213;Requena Utiel;39,519834;-1,127601
8223;Vigo Urzaiz;42,234189;-8,713728
23004;Pontevedra;42,421969;-8,635546
23008;Vilagarcia de Arousa;42,602189;-8,762523
14200;Mataporquera;42,870901;-4,165406
14107;Osorno;42,415077;-4,357367
14104;Fromista;42,2649;-4,402433
3410;ELX AV;38,24551;-0,76675
69110;Gandia;38,9702805;-0,1797722
69104;Cullera;39,1778305;-0,2632361
92102;Toledo;39,862272;-4,011244
31416;Cerceda-Meirama;43,2078791;-8,4467723
23021;Padron-Barbanza;42,738967;-8,652614
8224;Redondela Av;42,286005;-8,619402
23002;Arcade;42,340549;-8,611178
99161;Pontevedra-Turistico;42,421969;-8,635546
99143;A Coruna-Turistico;43,352761;-8,409755
99159;Santiago-Turistico;42,870842;-8,544697
55020;Algeciras;36,126831;-5,451108
55018;San Roque-La Linea;36,214482;-5,432399
55007;Ronda;36,748401;-5,16197
99117;Ourense Turistico;42,350389;-7,872777
61015;Archena-Fortuna;38,13132;-1,236037
60200;Aranjuez;40,0348585;-3,6182315
61012;Cieza;38,246609;-1,421702
61005;Hellin;38,508776;-1,688437
6006;Lorca Sutullena;37,6725714;-1,6959002
6002;Alhama de Murcia;37,8493837;-1,4145055
6003;Totana;37,7635101;-1,4956127
10610;Valladolid-Universidad;41,660257;-4,704037
10602;Cabezon del Pisuerga;41,737276;-4,651294
10605;Duenyas;41,87048;-4,541216
11000;Venta de Banyos;41,91736;-4,495844
15001;Grijota;42,049225;-4,583954
15003;Becerril;42,104706;-4,64712
15004;Paredes de Nava;42,150694;-4,697599
15007;Villada;42,245238;-4,970589
15008;Grajal;42,323246;-5,013381
15012;El Burgo Ranero;42,425753;-5,208592
15015;Palanquinos;42,460716;-5,497584
15106;La Robla;42,804454;-5,626255
15108;La Pola de Gordon;42,854099;-5,674524
15109;Santa Lucia;42,87515;-5,639613
15112;Villamanin;42,93671;-5,657637
15113;Busdongo;42,984495;-5,705391
15116;Linares-Congostinas;43,101743;-5,772162
15401;Calzada de Asturias;43,534132;-5,70981
15218;Oviedo-Llamaquique;43,355864;-5,855475
15200;Ujo;43,20702;-5,791496
15120;Campomanes;43,11112;-5,814196
15118;Puente de Los Fierros;43,07152;-5,769496
23000;Redondela-Picota;42,286866;-8,607118
23009;Catoira;42,672166;-8,725291
23010;Pontecesures;42,722985;-8,65213
23011;Padron;42,738967;-8,652614
23018;Pontevedra-Universidad;42,438265;-8,630121
31415;Ordes;43,037544;-8,448447
31411;Uxes;43,297374;-8,444404
23005;Portela;42,517801;-8,654609
23013;Osebe;42,825298;-8,61584
23001;Cesantes;42,310258;-8,616541
20002;Quintana-Raneros;42,550085;-5,637789
20008;Villavante;42,46458;-5,838914
20005;Veguellina;42,4335;-5,88756
20006;Barrientos;42,414301;-5,963988
20007;Nistal;42,424462;-6,00803
20102;Vega-Magaz;42,55376;-6,068267
20103;Porqueros;42,598935;-6,108238
20104;Branyuelas;42,632631;-6,201002
20106;La Granja de San Vicente;42,614874;-6,282495
20109;Torre del Bierzo;42,595578;-6,329083
20113;San Miguel de Las Duenyas;42,586392;-6,523776
20203;Villadepalos;42,53686;-6,751109
20204;Toral de Los Vados;42,541052;-6,776703
20207;Covas;42,475326;-6,830878
20208;Querenyo;42,420704;-6,829486
20210;Sobradelo;42,414859;-6,911951
20212;Vilamartin de Valdeorras;42,411829;-7,061185
20214;Montefurado;42,39402;-7,1984
20218;A Pobra Do Brollon;42,533682;-7,400088
22001;Canabal;42,482882;-7,587733
22002;Areas;42,457799;-7,62879
22003;San Estevo Do Sil;42,426921;-7,661676
22004;San Pedro Do Sil;42,441353;-7,70412
22005;Os Peares;42,451439;-7,735523
22006;Barra de Minyo;42,401095;-7,802567
22102;Ribadavia;42,2931;-8,139261
22103;Filgueira;42,219917;-8,184788
22104;Frieira;42,154882;-8,201036
22105;Pousa-Crecente;42,136705;-8,234889
22106;Arbo;42,107058;-8,300247
22107;Sela;42,092092;-8,355998
22108;As Neves;42,075462;-8,420074
22109;Salvaterra de Minyo;42,08164;-8,495141
22110;Caldelas;42,055813;-8,566343
20410;Elvinya-Universidade;43,335222;-8,413061
20404;O Burgo Santiago;43,317841;-8,36875
20403;Cambre;43,290502;-8,352104
20402;Cecebre;43,287913;-8,307767
20320;Oza Dos Rios;43,21877;-8,187111
20319;Cesuras;43,173073;-8,2005
20318;Pinyoi;43,127922;-8,163498
20317;Curtis;43,127232;-8,143155
20316;Teixeiro;43,141411;-8,03769
20314;Guitiriz;43,179058;-7,895039
20313;Parga;43,163644;-7,837383
20312;Baamonde;43,173405;-7,756128
20310;Rabade;43,121378;-7,624835
20306;Pedrelo-Celtigos;42,832934;-7,393329
21008;Perlio;43,472309;-8,174837
21005;Cabanas-Areal;43,415585;-8,168828
21003;Perbes;43,378197;-8,201106
21002;Minyo;43,349431;-8,207313
31308;Lalin;42,63253;-8,142715
31306;O Irixo;42,519719;-8,105174
31304;O Carballinyo;42,43134;-8,068874
31303;A Friela-Maside;42,411401;-8,028967
51401;Puerto Real;36,5309277;-6,1861944
51205;Jerez Aeropuerto;36,751147;-6,066664
51203;Lebrija;36,9299735;-6,0864165
51200;Utrera;37,1845444;-5,7907966
51103;Dos Hermanas;37,2872;-5,9235192
51110;Sevilla-Virgen del Rocio;37,3628;-5,9760111
51100;Sevilla-San Bernardo;37,3775194;-5,9796
3100;Jaen;37,779827;-3,790798
50407;Villa del Rio;37,981331;-4,283788
50504;Posadas;37,803986;-5,106325
50506;Palma del Rio;37,718081;-5,29276
50507;Penyaflor;37,707502;-5,341609
50600;Lora del Rio;37,6613027;-5,5295472
51202;Las Cabezas de San Juan;37,0193453;-5,9465554
51409;Cadiz-Estadio;36,5028972;-6,2720638
51404;Segunda Aguada;36,5134777;-6,2770083
43021;San Juan del Puerto;37,311898;-6,841076
43015;Niebla;37,3587619;-6,6812578
43009;Escacena;37,397812;-6,39198
43008;Carrion de Los Cespedes;37,368955;-6,335088
43005;Benacazon;37,3567611;-6,2082805
43012;Villarrasa;37,386999;-6,598819
1007;Osuna;37,233899;-5,115026
51111;Bellavista;37,3214916;-5,9641861
1003;Arahal;37,268081;-5,548514
1005;Marchena;37,334282;-5,425519
55015;Jimena de La Frontera;36,4242;-5,434113
55013;Gaucin;36,540372;-5,386825
55012;Cortes de La Frontera;36,597364;-5,332784
55011;Jimera de Libar;36,660678;-5,281473
55010;Benaojan-Montejaque;36,713753;-5,246366
55003;Almargen-Canyete La Real;37,000985;-5,020111
55001;Campillos;37,032231;-4,863499
54400;Bobadilla;37,037073;-4,727942
42008;Jabugo-Galaroza;37,928243;-6,773908
42020;Gibraleon;37,36852;-6,96207
42019;Belmonte;37,461864;-6,947533
42018;El Cobujon;37,516509;-6,953428
42016;Los Milanos;37,586219;-6,919938
42015;Calanyas;37,652007;-6,875841
42013;El Tamujoso;37,720339;-6,900554
42012;Valdelamusa;37,787111;-6,873729
42009;Almonaster-Cortegana;37,901174;-6,797372
40100;Zafra;38,413635;-6,405083
42006;Cumbres Mayores;38,053126;-6,631553
42005;Fregenal de La Sierra;38,167613;-6,637909
50413;Alcolea de Cordoba (apt);37,922326;-4,694751
50417;Campus Universitario Rabanales/ Cordoba;37,91256;-4,72086
50502;Villarrubia de Cordoba;37,847574;-4,915339
50501;El Higueron (apt);37,870271;-4,838942
54405;Alora;36,819825;-4,6994424
54404;Las Mellizas;36,873306;-4,719433
54403;El Chorro;36,907335;-4,759258
1009;Pedrera;37,222396;-4,893519
56305;Gergal;37,108847;-2,591556
56103;Benalua de Guadix;37,345277;-3,163177
57003;Iznalloz;37,395852;-3,527947
60914;Universidad de Alicante;38,3847998;-0,528108
60913;Sant Vicent Centre;38,3972495;-0,5326435
65400;Tortosa;40,807339;0,522937
65003;Valencia-Cabanyal;39,4689527;-0,3345694
65208;Vila-Real;39,9330222;-0,0967722
65306;Torreblanca;40,212211;0,198779
65308;Alcala de Xivert;40,30469;0,228717
65314;Ulldecona -Alcanar-La Senia;40,595924;0,44927
65209;Almassora/almazora;39,9548444;-0,0767722
65207;Burriana-Alquerias Ninyo Perdido;39,8964287;-0,1038666
65206;Nules-La Vilavella;39,8531222;-0,1527555
65204;Chilches;39,7825944;-0,1903333
65202;Almenara;39,7487555;-0,2183805
65008;Pucol;39,6171903;-0,3048578
65007;El Puig;39,5882111;-0,3116472
65005;Albuixech;39,5433;-0,3205777
65002;Valencia F.s.l-Hospital La Fe;39,4414666;-0,3698944
62001;Beniel;38,0447361;-0,9994472
62003;Callosa de Segura;38,1235694;-0,8732888
62100;Albatera-Catral;38,1670972;-0,8383583
62101;Crevillent;38,2245805;-0,7817972
62102;Elche/elx Carrus;38,2690055;-0,7063555
62104;Torrellano;38,2896027;-0,5825138
62109;Sant Gabriel;38,3287722;-0,5089444
60907;Novelda-Aspe;38,407086;-0,777744
60904;Sax;38,544251;-0,813729
64003;Moixent/mogente;38,8776138;-0,7536722
60900;La Encina;38,765344;-0,954244
60800;Almansa;38,867822;-1,105446
64200;Silla;39,3617388;-0,4149472
69011;Alcoy/alcoi;38,709349;-0,470247
69001;Genoves;38,98773;-0,47988
69002;Beniganim;38,938499;-0,453424
69003;La Pobla del Duc;38,907606;-0,453386
69004;Montaverner;38,884135;-0,491619
69005;Bufali;38,867405;-0,510478
69006;Albaida;38,845645;-0,518129
69007;Agullent;38,830569;-0,551183
69008;Ontinyent;38,809692;-0,602457
69009;Agres;38,796829;-0,521744
69010;Cocentaina;38,740618;-0,446789
64203;Alfafar-Benetusser;39,4223277;-0,3926
64202;Massanassa;39,4091638;-0,3953194
64201;Catarroja;39,3999611;-0,3991916
64107;Benifaio-Almussafes;39,2842194;-0,42995
64105;Algemesi;39,1931111;-0,4409083
64104;Alzira;39,1531194;-0,4506
64103;Carcaixent;39,1204694;-0,4543833
64102;La Pobla Llarga;39,083475;-0,4697027
64007;L.enova Manuel;39,0501935;-0,4778516
65001;Roca-Cuper;39,5261277;-0,3237777
65201;Les Valls;39,7192801;-0,2397542
65203;La Llosa;39,7680118;-0,2030695
65205;Moncofa;39,8208638;-0,1626861
79309;Figueres;42,265065;2,968787
71802;Barcelona-Passeig de Gracia;41,392281;2,164896
79009;Barcelona-Clot-Arago;41,41745;2,192893
79104;Sant Celoni;41,686024;2,491262
79200;Macanet-Massanes;41,778657;2,678775
79202;Sils;41,807683;2,74486
79203;Caldes de Malavella;41,841098;2,800765
79303;Flaca;42,047596;2,957506
79400;Barcelona-Estació de França;41,384089;2,187004
70806;Zaragoza Portillo;41,651563;-0,89466
70807;Zaragoza Goya;41,644103;-0,891188
71100;Zaragoza Miraflores;41,62977;-0,863064
71105;Quinto;41,419528;-0,490673
71108;La Zaida-Sastago;41,320542;-0,427115
71200;La Puebla de Hijar;41,2244;-0,438595
71201;Samper;41,182183;-0,368761
71204;Caspe;41,239738;-0,042701
71206;Fabara;41,234405;0,143284
71207;Nonaspe;41,213788;0,242472
71208;Faio-La Pobla de Massaluca (fayon);41,225247;0,350275
71209;Riba-Roja Debre;41,248451;0,480888
71210;Flix;41,229502;0,540071
71211;Asco;41,182479;0,568964
71300;Mora La Nova;41,106374;0,652893
71302;Capcanes;41,102057;0,78033
71303;Marca-Falset;41,130945;0,810328
71304;Pradell de La Teixeta;41,13324;0,858371
71306;Riudecanyes-Botarell;41,140027;0,975648
71307;Les Borges del Camp;41,165525;1,020774
71400;Reus;41,160524;1,099979
71401;Vila-Seca;41,112744;1,150389
71502;Altafulla-Tamarit;41,136446;1,37453
71503;Torredembarra;41,142857;1,40566
71600;Sant Vicenc de Calders;41,186245;1,526315
71700;Vilanova I La Geltru;41,219993;1,733331
71305;Duesaigues-Largentera;41,143776;0,920942
71301;Els Guiamets;41,093462;0,747173
73002;Juneda;41,543879;0,825584
73003;Les Borges Blanques;41,521461;0,877715
73005;Vinaixa;41,425077;0,970308
73006;Vimbodi I Poblet;41,40261;1,046008
73007;Lespluga de Francoli;41,400525;1,103389
73008;Montblanc;41,376648;1,165431
73100;La Plana-Picamoixons;41,30597;1,197665
73101;Alcover;41,261658;1,174228
73102;La Selva del Camp;41,210284;1,144072
73010;La Riba;41,318354;1,181248
73009;Vilaverd;41,337602;1,176599
73001;Puigverd de Lleida-Artesa de Lleida;41,55365;0,733058
73004;La Floresta;41,504263;0,924303
72101;Roda de Mar;41,186315;1,4551443
76001;Salomo;41,223474;1,376617
76004;Valls;41,28963;1,258734
76002;Vilabella;41,240312;1,315601
76003;Nulles-Brafim;41,250306;1,297449
79315;Portbou;42,424494;3,157858
79312;Llanca;42,3665949;3,148987
71707;El Prat de Llobregat;41,330762;2,088982
71709;Viladecans;41,309407;2,0277
71706;Gava;41,304209;2,012793
71705;Castelldefels;41,2785372;1,9782562
71701;Sitges;41,237757;1,81694
71604;Cubelles;41,204112;1,671807
71603;Cunit;41,195912;1,631307
71602;Segur de Calafell;41,192544;1,607745
71601;Calafell;41,188736;1,567244
71708;Bellvitge;41,354261;2,115549
71704;Platja de Castelldefels;41,2670124;1,9567717
72100;Roda de Bara;41,184052;1,440153
65411;Port Aventura;41,08707;1,145486
71205;Val de Pilas;41,230056;0,070145
71103;Fuentes de Ebro;41,515065;-0,618625
78302;Binefar;41,849768;0,291478
78301;Monzon-Rio Cinca;41,913679;0,196939
78203;Sarinyena;41,817529;-0,17076
78201;Granyen;41,938033;-0,369329
78005;Villanueva de Gallego;41,76551;-0,822204
72305;Lhospitalet de Llobregat;41,364129;2,100766
78805;Barcelona-Placa de Catalunya;41,386726;2,166458
78804;Barcelona-Arc de Triomf;41,391864;2,180076
78806;Barcelona La Sagrera Meridiana;41,422638;2,187262
78802;Sant Andreu Arenal;41,430893;2,183095
78801;Barcelona-Torre del Baro;41,460945;2,181042
78800;Montcada Bifurcacio;41,468992;2,178904
78708;Montcada I Reixac-Manresa;41,483996;2,185513
78707;Montcada I Reixac-Santa Maria;41,481232;2,166922
78706;Cerdanyola del Valles;41,492582;2,14763
78705;Barbera del Valles;41,507162;2,127558
78703;Sabadell Sud;41,53662;2,105617
78704;Sabadell Centre;41,549572;2,114757
78709;Sabadell Nord;41,562871;2,087794
78710;Terrasa Est;41,567261;2,041561
78700;Terrassa;41,570159;2,019075
78604;Sant Vicenc de Castellet;41,667899;1,863451
78600;Manresa;41,720129;1,82899
78506;Rajadell;41,733159;1,696275
78505;Aguilar de Segarra;41,738917;1,62372
78504;Seguers-Sant Pere Sallavinera;41,747991;1,574167
78503;Calaf;41,730334;1,515097
78502;Sant Marti Sesgueioles;41,701217;1,486204
78501;Sant Guim de Freixenet;41,655924;1,42053
78500;Cervera;41,673611;1,274773
78408;Tarrega;41,650387;1,138963
78407;Anglesola;41,646448;1,079192
78406;Bellpuig;41,632545;1,012993
78405;Castellnou de Seana;41,637464;0,967736
78404;Golmes;41,635929;0,930863
78403;Mollerussa;41,631779;0,896775
78402;Bell-Lloc Durgell;41,631619;0,781547
79004;Barcelona-Sant Andreu Comtal;41,435807;2,193572
79100;Granollers Centre;41,594528;2,29107
79105;Gualba;41,714078;2,533778
79106;Riells I Viabrea-Breda;41,723357;2,560075
79107;Hostalric;41,747657;2,632175
79204;Riudellots;41,896232;2,811599
79205;Fornells de La Selva;41,935157;2,809732
79301;Celra;42,02723;2,874969
79302;Bordils-Juia;42,037068;2,915255
79304;Sant Jordi Desvalls;42,068319;2,964533
79305;Camallera;42,122359;2,965448
79306;Sant Miquel de Fluvia;42,172087;2,989663
79308;Vilamalla;42,216202;2,977874
79311;Vilajuiga;42,325739;3,085385
79314;Colera;42,407068;3,154262
79316;Cerbere;42,441476;3,163259
11516;Lezo-Errenteria;43,313544;-1,895015
11515;Pasaia;43,318764;-1,904324
11507;Hernani-Centro;43,261977;-1,975726
11504;Andoain-Centro;43,214729;-2,020394
11503;Villabona-Zizurkil;43,189391;-2,055641
11405;Ordizia/ordicia;43,052583;-2,181019
11404;Beasain;43,046174;-2,203234
11306;Legazpi;43,052263;-2,329396
11213;Araia;42,869599;-2,306807
11212;Salvatierra/agurain;42,84643;-2,38921
11210;Alegria de Alava-Dulantzi;42,848723;-2,514668
11205;Nanclares/langraiz;42,816216;-2,804942
11204;La Puebla de Arganzon;42,765245;-2,830385
11203;Manzanos;42,742899;-2,867501
81205;Cortes de Navarra;41,915076;-1,420439
81203;Ribaforada;41,997038;-1,515097
80115;Villafranca de Navarra;42,280734;-1,745716
80114;Marcilla de Navarra;42,334851;-1,717418
80109;Olite/erriberri;42,484989;-1,649964
80005;Uharte-Arakil;42,920606;-1,974814
80003;Etxarri-Aranatz;42,911138;-2,071245
80001;Altsasu/alsasua-Pueblo;42,893283;-2,167429
11109;Briviesca;42,542765;-3,319287
11111;Pancorbo;42,630486;-3,112307
70801;Utebo;41,7105305;-0,9979222
70800;Casetas;41,72265;-1,020175
81210;Alagon;41,771422;-1,112771
81209;Cabanyas de Ebro;41,788065;-1,167533
81208;Pedrola;41,805198;-1,201673
81207;Luceni;41,826116;-1,243536
81206;Gallur;41,867164;-1,321342
81102;Agoncillo;42,443585;-2,291701
81105;Alcanadre;42,407437;-2,122094
60301;Quero;39,504173;-3,266072
60300;Villacanyas;39,622698;-3,33051
60203;Villasequilla;39,879535;-3,728453
60202;Castillejo-Anyover;39,949634;-3,738774
35406;Valencia de Alcantara;39,426928;-7,230688
35405;San Vicente de Alcantara;39,381561;-7,117075
35402;Arroyo-Malpartida;39,468078;-6,533634
50002;Cinco Casas;39,169282;-3,232663
94002;Daimiel;39,061553;-3,604213
94004;Almagro;38,895323;-3,709777
70500;Ariza;41,3098;-2,059411
70403;Arcos de Jalon;41,215854;-2,278998
70401;Medinaceli;41,165207;-2,421241
70400;Torralba;41,136617;-2,492952
70302;Siguenza;41,071417;-2,646407
70300;Baides;41,004864;-2,785635
70210;Matillas;40,953808;-2,84326
70209;Jadraque;40,930229;-2,935935
70208;Carrascosa de Henares;40,90598;-3,014352
70207;Espinosa de Henares;40,909686;-3,073157
70204;Humanes de Mohernando;40,831273;-3,13886
70202;Yunquera de Henares;40,747013;-3,163226
70200;Guadalajara;40,6441032;-3,1822298
10400;Avila;40,657255;-4,683312
18002;Madrid-Nuevos Ministerios;40,4466171;-3,6923408
18001;Madrid-Recoletos;40,4234123;-3,6908535
18003;M.alvaro-P;40,3956167;-3,6777094
18004;Delicias;40,4003715;-3,692763
18005;Piramides;40,4025917;-3,7113344
10000;Madrid-Principe Pio;40,4215361;-3,7190805
10001;Aravaca (apd-Cgd);40,4484027;-3,7855512
10002;Pozuelo;40,4473443;-3,8002865
10005;Las Rozas (apd);40,4942255;-3,8681086
10100;Pinar de Las Rozas;40,5222566;-3,8822585
10200;Villalba de Guadarrama;40,6265067;-4,0081871
10201;San Yago;40,6178786;-4,0312349
10202;Las Zorreras-Navalquejigo;40,6092725;-4,0463634
10203;El Escorial;40,5852811;-4,1324479
10204;Zarzalejo;40,53871;-4,15818
10205;Robledo de Chavela;40,520802;-4,246774
10206;Santa Maria de La Alameda-Peguerinos;40,568937;-4,269332
10209;El Pimpollar;40,567587;-4,283541
10207;Las Navas del Marques;40,589205;-4,362259
10208;Navalperal;40,591152;-4,408382
10300;Herradon-La Canyada;40,599275;-4,495039
18101;Madrid-Sol;40,4168778;-3,7032107
97201;Madrid-Ramon Y Cajal;40,488298;-3,6946827
97200;Mirasierra-Paco de Lucia;40,499662;-3,709016
97100;Pitis;40,4954011;-3,7260638
10101;Las Matas;40,5523275;-3,8967651
10103;Torrelodones;40,5745499;-3,9565955
10104;Galapagar-La Navata;40,6002664;-3,9822646
10302;Guimorcondo;40,649062;-4,614987
12100;Segovia;40,93403;-4,11365
12001;Los Negrales;40,6385681;-4,0220307
12002;Alpedrete-Mataespesa;40,6580931;-4,0350813
12004;Collado Mediano;40,69276;-4,0359164
12005;Los Molinos-Guadarrama;40,7066368;-4,0673999
12006;Cercedilla;40,7375282;-4,0664502
12007;Tablada;40,705648;-4,12531
12008;Gudillos;40,716914;-4,157681
12009;San Rafael;40,714944;-4,18143
12010;El Espinar;40,740852;-4,189482
12011;Los Angeles de San Rafael;40,777909;-4,206933
12012;Otero-Herreros;40,80097;-4,203504
12013;Ortigosa del Monte;40,832771;-4,168094
12014;Navas de Riofrio- La Losa;40,856673;-4,141103
10409;Arevalo;41,047123;-4,701988
10501;Pozaldez;41,36792;-4,836001
10502;Matapozuelos;41,422794;-4,801025
10503;Valdestillas;41,488729;-4,772937
10504;Viana;41,52407;-4,754489
82100;Soria;41,754754;-2,476537
84104;Quintana Redonda;41,639726;-2,609682
84103;Tardelcuende;41,593525;-2,639337
84101;Almazan;41,489019;-2,525375
70103;Alcala de Henares;40,4889113;-3,3662523
98003;Fte de La Mora;40,484794;-3,662886
70101;San Fernando Henares;40,442537;-3,5344609
70102;Torrejon de Ardoz;40,4547384;-3,4797415
70107;Alcala Henares-Universidad (apd);40,5052933;-3,3352443
70104;Meco (apd-Cgd);40,5344356;-3,2990455
70105;Azuqueca;40,5610437;-3,2653569
70002;Asamblea de Mad. Entrevias;40,3816176;-3,6679819
70003;El Pozo;40,3760524;-3,6562354
70005;Vallecas;40,382364;-3,623042
70109;Santa Eugenia;40,3869128;-3,6089604
70100;Vicalvaro;40,4012112;-3,5959811
70108;Coslada (apd);40,423221;-3,5611137
70112;Soto del Henares;40,4638889;-3,4422222
70111;La Garena;40,4804888;-3,3930758
35002;Fuenlabrada;40,2833747;-3,7994538
35005;Illescas;40,12088;-3,842262
37406;Villanueva de La Serena;38,96886;-5,7965
37407;Don Benito;38,96695;-5,862923
37409;Valdetorres;38,913301;-6,069407
37410;Guarenya;38,896749;-6,128842
37600;Aljucen;38,936414;-6,407929
37611;Garrovilla-Las Vegas;38,915763;-6,47408
37608;Montijo-El Molino;38,913973;-6,618281
37604;Guadiana del Caudillo;38,922099;-6,689998
37311;Cabeza de Buey;38,72389;-5,227067
37404;Campanario;38,853395;-5,641415
37402;Castuera;38,735021;-5,541637
37400;Almorchon;38,696631;-5,290496
40002;Calamonte;38,886931;-6,382965
40004;Almendralejo;38,684662;-6,399815
40005;Villafranca de Los Barros;38,564402;-6,352048
40006;Los Santos de Maimona;38,449724;-6,361749
40008;Zafra Feria;38,424403;-6,410084
11004;Magaz;41,976561;-4,432114
11006;Quintana del Puente;42,079974;-4,19858
11009;Villaquiran;42,215717;-3,999396
60507;La Gineta;39,111665;-2,000155
60505;La Roda de Albacete;39,199594;-2,162547
60503;Minaya;39,240738;-2,348403
60402;Campo de Criptana;39,394343;-3,117746
3001;Mengibar-Artichuela (apd-Cgd);37,978219;-3,803308
50202;Almuradiel-Viso del Marques;38,514267;-3,501935
50200;Santa Cruz de Mudela;38,644428;-3,451493
60207;El Romeral;39,694516;-3,430502
60206;Tembleque;39,722958;-3,497354
65404;Lampolla-El Perello-Deltebre;40,812011;0,708221
65405;Lametlla de Mar;40,886188;0,800427
65420;L'HOSPITALET DE L'INFANT;40,995863;0,920733
65403;Camarles-Deltebre;40,774757;0,671647
65401;Camp-Redo;40,759135;0,555834
81106;Feculas-Navarra;42,411148;-2,098196
60901;Caudete;38,716163;-0,959727
10603;Corcos-Aguilarejo;41,766446;-4,623485
10604;Cubillas de Santa Marta;41,808861;-4,579754
14101;Monzon de Campos;42,105538;-4,501677
14117;El Carrion;42,105584;-4,501686
14102;Amusco;42,178019;-4,480743
14103;Pinya;42,211747;-4,434689
14108;Espinosa de Villagonzalo (apd);42,452373;-4,367811
14111;Herrera de Pisuerga;42,598477;-4,316683
14112;Alar del Rey-San Quirce;42,656837;-4,311372
14113;Mave;42,723726;-4,27616
14115;Quintanilla de Las Torres;42,81903;-4,202753
14206;Barcena;43,130561;-4,056662
14210;Los Corrales de Buelna;43,257961;-4,064679
14216;Renedo;43,355636;-3,953732
14220;Malianyo;43,41664;-3,841901
14230;Valdecilla;43,450492;-3,838889
14211;Las Caldas de Besaya;43,295518;-4,075294
15006;Cisneros;42,19112;-4,850249
15014;Santas Martas;42,460004;-5,386777
30110;Salamanca-La Alamedilla;40,966763;-5,656366
32009;Moriscos;41,011633;-5,584713
32008;Gomecello;41,041859;-5,541551
32007;Pitiegua;41,063741;-5,474174
32006;El Pedroso de La Armunya;41,079901;-5,406019
32004;Cantalapiedra;41,133585;-5,182961
32003;Fresno El Viejo;41,191351;-5,138061
32002;El Carpio;41,215464;-5,114466
32001;Campillo;41,259509;-5,017791
31200;Puebla de Sanabria;42,045763;-6,626848
31002;Nava del Rey;41,334716;-5,076818
31006;Toro;41,512201;-5,384953
31104;Carbajales de Alba;41,681542;-5,971906
31106;Ferreruela de Tabara;41,764106;-6,0739
31107;Abejera;41,80942;-6,141851
31108;Sarracin de Aliste;41,848497;-6,20513
31109;Cabanyas de Aliste;41,854595;-6,24635
31112;Linarejos-Pedroso;41,946963;-6,484541
67200;Teruel;40,341029;-1,110284
67004;Maria de Huerva;41,539759;-0,998082
67007;Aranyales de Muel;41,468946;-1,086394
67009;Longares;41,404787;-1,158791
67010;Carinyena;41,335586;-1,228422
67011;Encinacorba;41,28865;-1,278534
67013;Villarreal de Huerva;41,196498;-1,287096
67014;Villadoz;41,165482;-1,279339
67015;Badules;41,13951;-1,251572
67016;Villahermosa;41,108492;-1,239803
67017;Ferreruela;41,06387;-1,239384
67018;Cuencabuena;41,009293;-1,254641
67019;Lechago;40,957681;-1,269087
67020;Navarrete;40,936721;-1,261733
67021;Calamocha Nueva;40,903864;-1,299841
67100;Caminreal-Fuentes Claras;40,85111;-1,33765
67101;Torrijo del Campo;40,826012;-1,340498
67113;Monreal del Campo;40,782321;-1,360792
67103;Villafranca del Campo;40,683827;-1,357927
67105;Santa Eulalia del Campo;40,572917;-1,312995
67107;Cella;40,455266;-1,244329
67205;Sarrion;40,146339;-0,823631
67206;Mora de Rubielos;40,123142;-0,786145
67208;Barracas;40,01174;-0,696151
67215;Segorbe;39,8469583;-0,4824138
70706;Grisen;41,745261;-1,165924
70705;Plasencia de Jalon;41,68935;-1,234237
70704;Rueda de Jalon-Lumpiaque;41,638892;-1,281667
70703;Epila;41,60933;-1,301043
70702;Salillas de Jalon;41,56794;-1,325848
70701;Calatorao;41,528692;-1,360545
70700;Ricla-La Almunia;41,501394;-1,40345
70607;Morata de Jalon;41,475467;-1,479721
70606;Purroy;41,477236;-1,540446
70605;Mores;41,478667;-1,566238
70604;Sabinyan;41,443981;-1,571474
70603;Paracuellos-Sabinyan;41,42931;-1,567483
70602;Embid de Jalon;41,421676;-1,592127
70505;Terrer;41,322218;-1,709254
70504;Ateca;41,324659;-1,785268
70502;Alhama de Aragon;41,294398;-1,904454
70501;Cetina;41,295978;-1,961811
70405;Monreal de Ariza;41,298767;-2,110448
70404;Santa Maria de Huerta;41,264421;-2,177525
70503;Bubierca;41,31719;-1,855198
37308;Guadalmez-Los Pedroches;38,69921;-4,929771
37305;Almadenejos-Almaden;38,740578;-4,730387
37302;Brazatortas-Veredas;38,668758;-4,316468
30002;Plasencia;40,022282;-6,099397
50700;Los Rosales;37,5898444;-5,7261638
40122;Tocina;37,6092611;-5,7316916
40119;Villanueva del Rio-Minas;37,6616071;-5,712155
40115;Pedroso;37,8373261;-5,7624477
40113;Cazalla-Constantina;37,9327717;-5,7044058
40108;Guadalcanal;38,090197;-5,803388
40107;Fuente del Arco;38,16353;-5,900484
40105;Llerena;38,237;-6,009017
34010;Penyaranda de Bracamonte;40,898138;-5,206361
34014;Aldealengua;40,97989;-5,552951
34013;San Morales;40,984243;-5,492955
34012;Babilafuente;40,972426;-5,430593
34011;Villar de Gallimazo;40,951981;-5,296183
34008;Narros del Castillo;40,866641;-5,052869
34007;Crespos;40,87011;-4,96803
34005;San Pedro del Arroyo;40,803841;-4,871407
34002;Cardenyosa de Avila;40,73912;-4,75075
72400;El Prat Aeroport;41,303844;2,07218
99140;Madrid-Chamartin;40,471184;-3,682807
7004;Aguilas;37,4098333;-1,5725777
